ID,First Name,Last Name,Email,Mobile,Status,Rating,Available
1,James,Butt,jbutt@gmail.com,504-621-8927,Fixed,2,Yes
2,Josephine,Darakjy,josephine_darakjy@darakjy.org,810-292-9388,Fixed,4,Yes
3,Art,Venere,art@venere.org,856-636-8749,Fixed,5,Yes
4,Lenna,Paprocki,lpaprocki@hotmail.com,907-385-4412,Fixed,10,Yes
5,Donette,Foller,donette.foller@cox.net,513-570-1893,Fixed,1,Yes
6,Simona,Morasca,simona@morasca.com,419-503-2484,Fixed,6,Yes
7,Mitsue,Tollner,mitsue_tollner@yahoo.com,773-573-6914,Fixed,4,Yes
8,Leota,Dilliard,leota@hotmail.com,408-752-3500,Fixed,10,Yes
9,Sage,Wieser,sage_wieser@cox.net,605-414-2147,Fixed,6,Yes
10,Kris,Marrier,kris@gmail.com,410-655-8723,Fixed,5,Yes
11,Minna,Amigon,minna_amigon@yahoo.com,215-874-1229,Fixed,1,Yes
12,Abel,Maclead,amaclead@gmail.com,631-335-3414,Fixed,2,Yes
13,Kiley,Caldarera,kiley.caldarera@aol.com,310-498-5651,Fixed,10,Yes
14,Graciela,Ruta,gruta@cox.net,440-780-8425,Fixed,2,Yes
15,Cammy,Albares,calbares@gmail.com,956-537-6195,Fixed,2,Yes
16,Mattie,Poquette,mattie@aol.com,602-277-4385,Fixed,8,Yes
17,Meaghan,Garufi,meaghan@hotmail.com,931-313-9635,Fixed,2,Yes
18,Gladys,Rim,gladys.rim@rim.org,414-661-9598,Fixed,5,Yes
19,Yuki,Whobrey,yuki_whobrey@aol.com,313-288-7937,Fixed,2,Yes
20,Fletcher,Flosi,fletcher.flosi@yahoo.com,815-828-2147,Fixed,10,Yes
21,Bette,Nicka,bette_nicka@cox.net,610-545-3615,Fixed,5,Yes
22,Veronika,Inouye,vinouye@aol.com,408-540-1785,Fixed,4,Yes
23,Willard,Kolmetz,willard@hotmail.com,972-303-9197,Fixed,6,Yes
24,Maryann,Royster,mroyster@royster.com,518-966-7987,Fixed,6,Yes
25,Alisha,Slusarski,alisha@slusarski.com,732-658-3154,Fixed,4,Yes
26,Allene,Iturbide,allene_iturbide@cox.net,715-662-6764,Fixed,5,Yes
27,Chanel,Caudy,chanel.caudy@caudy.org,913-388-2079,Fixed,10,Yes
28,Ezekiel,Chui,ezekiel@chui.com,410-669-1642,Fixed,3,Yes
29,Willow,Kusko,wkusko@yahoo.com,212-582-4976,Fixed,2,Yes
30,Bernardo,Figeroa,bfigeroa@aol.com,936-336-3951,Fixed,1,Yes
31,Ammie,Corrio,ammie@corrio.com,614-801-9788,Fixed,6,Yes
32,Francine,Vocelka,francine_vocelka@vocelka.com,505-977-3911,Fixed,10,Yes
33,Ernie,Stenseth,ernie_stenseth@aol.com,201-709-6245,Fixed,5,Yes
34,Albina,Glick,albina@glick.com,732-924-7882,Fixed,6,Yes
35,Alishia,Sergi,asergi@gmail.com,212-860-1579,Fixed,1,Yes
36,Solange,Shinko,solange@shinko.com,504-979-9175,Fixed,6,Yes
37,Jose,Stockham,jose@yahoo.com,212-675-8570,Fixed,3,Yes
38,Rozella,Ostrosky,rozella.ostrosky@ostrosky.com,805-832-6163,Fixed,2,Yes
39,Valentine,Gillian,valentine_gillian@gmail.com,210-812-9597,Fixed,4,Yes
40,Kati,Rulapaugh,kati.rulapaugh@hotmail.com,785-463-7829,Fixed,10,Yes
41,Youlanda,Schemmer,youlanda@aol.com,541-548-8197,Fixed,6,Yes
42,Dyan,Oldroyd,doldroyd@aol.com,913-413-4604,Fixed,8,Yes
43,Roxane,Campain,roxane@hotmail.com,907-231-4722,Fixed,1,Yes
44,Lavera,Perin,lperin@perin.org,305-606-7291,Fixed,10,Yes
45,Erick,Ferencz,erick.ferencz@aol.com,907-741-1044,Fixed,6,Yes
46,Fatima,Saylors,fsaylors@saylors.org,952-768-2416,Fixed,10,Yes
47,Jina,Briddick,jina_briddick@briddick.com,617-399-5124,Fixed,7,Yes
48,Kanisha,Waycott,kanisha_waycott@yahoo.com,323-453-2780,Fixed,6,Yes
49,Emerson,Bowley,emerson.bowley@bowley.org,608-336-7444,Fixed,10,Yes
50,Blair,Malet,bmalet@yahoo.com,215-907-9111,Fixed,4,Yes
51,Brock,Bolognia,bbolognia@yahoo.com,212-402-9216,Fixed,7,Yes
52,Lorrie,Nestle,lnestle@hotmail.com,931-875-6644,Fixed,10,Yes
53,Sabra,Uyetake,sabra@uyetake.org,803-925-5213,Fixed,10,Yes
54,Marjory,Mastella,mmastella@mastella.com,610-814-5533,Fixed,1,Yes
55,Karl,Klonowski,karl_klonowski@yahoo.com,908-877-6135,Fixed,7,Yes
56,Tonette,Wenner,twenner@aol.com,516-968-6051,Fixed,5,Yes
57,Amber,Monarrez,amber_monarrez@monarrez.org,215-934-8655,Fixed,4,Yes
58,Shenika,Seewald,shenika@gmail.com,818-423-4007,Fixed,8,Yes
59,Delmy,Ahle,delmy.ahle@hotmail.com,401-458-2547,Fixed,2,Yes
60,Deeanna,Juhas,deeanna_juhas@gmail.com,215-211-9589,Fixed,2,Yes
61,Blondell,Pugh,bpugh@aol.com,401-960-8259,Fixed,8,Yes
62,Jamal,Vanausdal,jamal@vanausdal.org,732-234-1546,Fixed,3,Yes
63,Cecily,Hollack,cecily@hollack.org,512-486-3817,Fixed,6,Yes
64,Carmelina,Lindall,carmelina_lindall@lindall.com,303-724-7371,Fixed,2,Yes
65,Maurine,Yglesias,maurine_yglesias@yglesias.com,414-748-1374,Fixed,4,Yes
66,Tawna,Buvens,tawna@gmail.com,212-674-9610,Fixed,10,Yes
67,Penney,Weight,penney_weight@aol.com,907-797-9628,Fixed,1,Yes
68,Elly,Morocco,elly_morocco@gmail.com,814-393-5571,Fixed,9,Yes
69,Ilene,Eroman,ilene.eroman@hotmail.com,410-914-9018,Fixed,8,Yes
70,Vallie,Mondella,vmondella@mondella.com,208-862-5339,Fixed,5,Yes
71,Kallie,Blackwood,kallie.blackwood@gmail.com,415-315-2761,Fixed,6,Yes
72,Johnetta,Abdallah,johnetta_abdallah@aol.com,919-225-9345,Fixed,1,Yes
73,Bobbye,Rhym,brhym@rhym.com,650-528-5783,Fixed,10,Yes
74,Micaela,Rhymes,micaela_rhymes@gmail.com,925-647-3298,Fixed,8,Yes
75,Tamar,Hoogland,tamar@hotmail.com,740-343-8575,Fixed,3,Yes
76,Moon,Parlato,moon@yahoo.com,585-866-8313,Fixed,2,Yes
77,Laurel,Reitler,laurel_reitler@reitler.com,410-520-4832,Fixed,5,Yes
78,Delisa,Crupi,delisa.crupi@crupi.com,973-354-2040,Fixed,4,Yes
79,Viva,Toelkes,viva.toelkes@gmail.com,773-446-5569,Fixed,5,Yes
80,Elza,Lipke,elza@yahoo.com,973-927-3447,Fixed,5,Yes
81,Devorah,Chickering,devorah@hotmail.com,505-975-8559,Fixed,8,Yes
82,Timothy,Mulqueen,timothy_mulqueen@mulqueen.org,718-332-6527,Fixed,7,Yes
83,Arlette,Honeywell,ahoneywell@honeywell.com,904-775-4480,Fixed,2,Yes
84,Dominque,Dickerson,dominque.dickerson@dickerson.org,510-993-3758,Fixed,4,Yes
85,Lettie,Isenhower,lettie_isenhower@yahoo.com,216-657-7668,Fixed,8,Yes
86,Myra,Munns,mmunns@cox.net,817-914-7518,Fixed,9,Yes
87,Stephaine,Barfield,stephaine@barfield.com,310-774-7643,Fixed,4,Yes
88,Lai,Gato,lai.gato@gato.org,847-728-7286,Fixed,5,Yes
89,Stephen,Emigh,stephen_emigh@hotmail.com,330-537-5358,Fixed,10,Yes
90,Tyra,Shields,tshields@gmail.com,215-255-1641,Fixed,8,Yes
91,Tammara,Wardrip,twardrip@cox.net,650-803-1936,Fixed,3,Yes
92,Cory,Gibes,cory.gibes@gmail.com,626-572-1096,Fixed,1,Yes
93,Danica,Bruschke,danica_bruschke@gmail.com,254-782-8569,Fixed,9,Yes
94,Wilda,Giguere,wilda@cox.net,907-870-5536,Fixed,6,Yes
95,Elvera,Benimadho,elvera.benimadho@cox.net,408-703-8505,Fixed,6,Yes
96,Carma,Vanheusen,carma@cox.net,510-503-7169,Fixed,1,Yes
97,Malinda,Hochard,malinda.hochard@yahoo.com,317-722-5066,Fixed,10,Yes
98,Natalie,Fern,natalie.fern@hotmail.com,307-704-8713,Fixed,6,Yes
99,Lisha,Centini,lisha@centini.org,703-235-3937,Fixed,1,Yes
100,Arlene,Klusman,arlene_klusman@gmail.com,504-710-5840,Fixed,6,Yes
101,Alease,Buemi,alease@buemi.com,303-301-4946,Fixed,3,Yes
102,Louisa,Cronauer,louisa@cronauer.com,510-828-7047,Fixed,3,Yes
103,Angella,Cetta,angella.cetta@hotmail.com,808-892-7943,Fixed,8,Yes
104,Cyndy,Goldammer,cgoldammer@cox.net,952-334-9408,Fixed,6,Yes
105,Rosio,Cork,rosio.cork@gmail.com,336-243-5659,Fixed,8,Yes
106,Celeste,Korando,ckorando@hotmail.com,516-509-2347,Fixed,8,Yes
107,Twana,Felger,twana.felger@felger.org,503-939-3153,Fixed,6,Yes
108,Estrella,Samu,estrella@aol.com,608-976-7199,Fixed,8,Yes
109,Donte,Kines,dkines@hotmail.com,508-429-8576,Fixed,6,Yes
110,Tiffiny,Steffensmeier,tiffiny_steffensmeier@cox.net,305-385-9695,Fixed,1,Yes
111,Edna,Miceli,emiceli@miceli.org,814-460-2655,Fixed,6,Yes
112,Sue,Kownacki,sue@aol.com,972-666-3413,Fixed,6,Yes
113,Jesusa,Shin,jshin@shin.com,931-273-8709,Fixed,8,Yes
114,Rolland,Francescon,rolland@cox.net,973-649-2922,Fixed,5,Yes
115,Pamella,Schmierer,pamella.schmierer@schmierer.org,305-420-8970,Fixed,6,Yes
116,Glory,Kulzer,gkulzer@kulzer.org,410-224-9462,Fixed,3,Yes
117,Shawna,Palaspas,shawna_palaspas@palaspas.org,805-275-3566,Fixed,2,Yes
118,Brandon,Callaro,brandon_callaro@hotmail.com,808-215-6832,Fixed,1,Yes
119,Scarlet,Cartan,scarlet.cartan@yahoo.com,229-735-3378,Fixed,5,Yes
120,Oretha,Menter,oretha_menter@yahoo.com,617-418-5043,Fixed,3,Yes
121,Ty,Smith,tsmith@aol.com,201-672-1553,Fixed,1,Yes
122,Xuan,Rochin,xuan@gmail.com,650-933-5072,Fixed,5,Yes
123,Lindsey,Dilello,lindsey.dilello@hotmail.com,909-639-9887,Fixed,4,Yes
124,Devora,Perez,devora_perez@perez.org,510-955-3016,Fixed,9,Yes
125,Herman,Demesa,hdemesa@cox.net,518-497-2940,Fixed,3,Yes
126,Rory,Papasergi,rpapasergi@cox.net,570-867-7489,Fixed,9,Yes
127,Talia,Riopelle,talia_riopelle@aol.com,973-245-2133,Fixed,4,Yes
128,Van,Shire,van.shire@shire.com,908-409-2890,Fixed,1,Yes
129,Lucina,Lary,lucina_lary@cox.net,321-749-4981,Fixed,3,Yes
130,Bok,Isaacs,bok.isaacs@aol.com,718-809-3762,Fixed,10,Yes
131,Rolande,Spickerman,rolande.spickerman@spickerman.com,808-315-3077,Fixed,9,Yes
132,Howard,Paulas,hpaulas@gmail.com,303-623-4241,Fixed,5,Yes
133,Kimbery,Madarang,kimbery_madarang@cox.net,973-310-1634,Fixed,10,Yes
134,Thurman,Manno,thurman.manno@yahoo.com,609-524-3586,Fixed,2,Yes
135,Becky,Mirafuentes,becky.mirafuentes@mirafuentes.com,908-877-8409,Fixed,1,Yes
136,Beatriz,Corrington,beatriz@yahoo.com,508-584-4279,Fixed,10,Yes
137,Marti,Maybury,marti.maybury@yahoo.com,773-775-4522,Fixed,4,Yes
138,Nieves,Gotter,nieves_gotter@gmail.com,503-527-5274,Fixed,5,Yes
139,Leatha,Hagele,lhagele@cox.net,214-339-1809,Fixed,3,Yes
140,Valentin,Klimek,vklimek@klimek.org,312-303-5453,Fixed,1,Yes
141,Melissa,Wiklund,melissa@cox.net,419-939-3613,Fixed,9,Yes
142,Sheridan,Zane,sheridan.zane@zane.com,951-645-3605,Fixed,9,Yes
143,Bulah,Padilla,bulah_padilla@hotmail.com,254-463-4368,Fixed,1,Yes
144,Audra,Kohnert,audra@kohnert.com,615-406-7854,Fixed,6,Yes
145,Daren,Weirather,dweirather@aol.com,414-959-2540,Fixed,10,Yes
146,Fernanda,Jillson,fjillson@aol.com,410-387-5260,Fixed,1,Yes
147,Gearldine,Gellinger,gearldine_gellinger@gellinger.com,972-934-6914,Fixed,1,Yes
148,Chau,Kitzman,chau@gmail.com,310-560-8022,Fixed,10,Yes
149,Theola,Frey,theola_frey@frey.com,516-948-5768,Fixed,1,Yes
150,Cheryl,Haroldson,cheryl@haroldson.org,609-518-7697,Fixed,3,Yes
151,Laticia,Merced,lmerced@gmail.com,513-508-7371,Fixed,8,Yes
152,Carissa,Batman,carissa.batman@yahoo.com,541-326-4074,Fixed,8,Yes
153,Lezlie,Craghead,lezlie.craghead@craghead.org,919-533-3762,Fixed,6,Yes
154,Ozell,Shealy,oshealy@hotmail.com,212-332-8435,Fixed,6,Yes
155,Arminda,Parvis,arminda@parvis.com,602-906-9419,Fixed,9,Yes
156,Reita,Leto,reita.leto@gmail.com,317-234-1135,Fixed,7,Yes
157,Yolando,Luczki,yolando@cox.net,315-304-4759,Fixed,4,Yes
158,Lizette,Stem,lizette.stem@aol.com,856-487-5412,Fixed,9,Yes
159,Gregoria,Pawlowicz,gpawlowicz@yahoo.com,516-212-1915,Fixed,6,Yes
160,Carin,Deleo,cdeleo@deleo.com,501-308-1040,Fixed,10,Yes
161,Chantell,Maynerich,chantell@yahoo.com,651-591-2583,Fixed,8,Yes
162,Dierdre,Yum,dyum@yahoo.com,215-325-3042,Fixed,10,Yes
163,Larae,Gudroe,larae_gudroe@gmail.com,985-890-7262,Fixed,4,Yes
164,Latrice,Tolfree,latrice.tolfree@hotmail.com,631-957-7624,Fixed,1,Yes
165,Kerry,Theodorov,kerry.theodorov@gmail.com,916-591-3277,Fixed,3,Yes
166,Dorthy,Hidvegi,dhidvegi@yahoo.com,208-649-2373,Fixed,4,Yes
167,Fannie,Lungren,fannie.lungren@yahoo.com,512-587-5746,Fixed,10,Yes
168,Evangelina,Radde,evangelina@aol.com,215-964-3284,Fixed,3,Yes
169,Novella,Degroot,novella_degroot@degroot.org,808-477-4775,Fixed,6,Yes
170,Clay,Hoa,choa@hoa.org,775-501-8109,Fixed,4,Yes
171,Jennifer,Fallick,jfallick@yahoo.com,847-979-9545,Fixed,3,Yes
172,Irma,Wolfgramm,irma.wolfgramm@hotmail.com,973-545-7355,Fixed,7,Yes
173,Eun,Coody,eun@yahoo.com,864-256-3620,Fixed,5,Yes
174,Sylvia,Cousey,sylvia_cousey@cousey.org,410-209-9545,Fixed,7,Yes
175,Nana,Wrinkles,nana@aol.com,914-855-2115,Fixed,6,Yes
176,Layla,Springe,layla.springe@cox.net,212-260-3151,Fixed,5,Yes
177,Joesph,Degonia,joesph_degonia@degonia.org,510-677-9785,Fixed,7,Yes
178,Annabelle,Boord,annabelle.boord@cox.net,978-697-6263,Fixed,8,Yes
179,Stephaine,Vinning,stephaine@cox.net,415-767-6596,Fixed,5,Yes
180,Nelida,Sawchuk,nelida@gmail.com,201-971-1638,Fixed,8,Yes
181,Marguerita,Hiatt,marguerita.hiatt@gmail.com,925-634-7158,Fixed,4,Yes
182,Carmela,Cookey,ccookey@cookey.org,773-494-4195,Fixed,6,Yes
183,Junita,Brideau,jbrideau@aol.com,973-943-3423,Fixed,10,Yes
184,Claribel,Varriano,claribel_varriano@cox.net,419-544-4900,Fixed,6,Yes
185,Benton,Skursky,benton.skursky@aol.com,310-579-2907,Fixed,7,Yes
186,Hillary,Skulski,hillary.skulski@aol.com,352-242-2570,Fixed,10,Yes
187,Merilyn,Bayless,merilyn_bayless@cox.net,408-758-5015,Fixed,7,Yes
188,Teri,Ennaco,tennaco@gmail.com,570-889-5187,Fixed,2,Yes
189,Merlyn,Lawler,merlyn_lawler@hotmail.com,201-588-7810,Fixed,3,Yes
190,Georgene,Montezuma,gmontezuma@cox.net,925-615-5185,Fixed,1,Yes
191,Jettie,Mconnell,jmconnell@hotmail.com,908-802-3564,Fixed,10,Yes
192,Lemuel,Latzke,lemuel.latzke@gmail.com,631-748-6479,Fixed,1,Yes
193,Melodie,Knipp,mknipp@gmail.com,805-690-1682,Fixed,7,Yes
194,Candida,Corbley,candida_corbley@hotmail.com,908-275-8357,Fixed,1,Yes
195,Karan,Karpin,karan_karpin@gmail.com,503-940-8327,Fixed,5,Yes
196,Andra,Scheyer,andra@gmail.com,503-516-2189,Fixed,2,Yes
197,Felicidad,Poullion,fpoullion@poullion.com,856-305-9731,Fixed,4,Yes
198,Belen,Strassner,belen_strassner@aol.com,770-507-8791,Fixed,6,Yes
199,Gracia,Melnyk,gracia@melnyk.com,904-235-3633,Fixed,7,Yes
200,Jolanda,Hanafan,jhanafan@gmail.com,207-458-9196,Fixed,5,Yes
201,Barrett,Toyama,barrett.toyama@toyama.org,817-765-5781,Fixed,6,Yes
202,Helga,Fredicks,helga_fredicks@yahoo.com,716-752-4114,Fixed,3,Yes
203,Ashlyn,Pinilla,apinilla@cox.net,305-670-9628,Fixed,6,Yes
204,Fausto,Agramonte,fausto_agramonte@yahoo.com,212-313-1783,Fixed,2,Yes
205,Ronny,Caiafa,ronny.caiafa@caiafa.org,215-605-7570,Fixed,5,Yes
206,Marge,Limmel,marge@gmail.com,850-430-1663,Fixed,5,Yes
207,Norah,Waymire,norah.waymire@gmail.com,415-306-7897,Fixed,8,Yes
208,Aliza,Baltimore,aliza@aol.com,408-504-3552,Fixed,7,Yes
209,Mozell,Pelkowski,mpelkowski@pelkowski.org,650-947-1215,Fixed,10,Yes
210,Viola,Bitsuie,viola@gmail.com,818-864-4875,Fixed,9,Yes
211,Franklyn,Emard,femard@emard.com,215-558-8189,Fixed,8,Yes
212,Willodean,Konopacki,willodean_konopacki@konopacki.org,337-253-8384,Fixed,6,Yes
213,Beckie,Silvestrini,beckie.silvestrini@silvestrini.com,313-533-4884,Fixed,2,Yes
214,Rebecka,Gesick,rgesick@gesick.org,512-213-8574,Fixed,10,Yes
215,Frederica,Blunk,frederica_blunk@gmail.com,214-428-2285,Fixed,10,Yes
216,Glen,Bartolet,glen_bartolet@hotmail.com,206-697-5796,Fixed,5,Yes
217,Freeman,Gochal,freeman_gochal@aol.com,610-476-3501,Fixed,9,Yes
218,Vincent,Meinerding,vincent.meinerding@hotmail.com,215-372-1718,Fixed,6,Yes
219,Rima,Bevelacqua,rima@cox.net,310-858-5079,Fixed,2,Yes
220,Glendora,Sarbacher,gsarbacher@gmail.com,707-653-8214,Fixed,6,Yes
221,Avery,Steier,avery@cox.net,407-808-9439,Fixed,5,Yes
222,Cristy,Lother,cristy@lother.com,760-971-4322,Fixed,5,Yes
223,Nicolette,Brossart,nicolette_brossart@brossart.com,508-837-9230,Fixed,1,Yes
224,Tracey,Modzelewski,tracey@hotmail.com,936-264-9294,Fixed,9,Yes
225,Virgina,Tegarden,virgina_tegarden@tegarden.com,414-214-8697,Fixed,10,Yes
226,Tiera,Frankel,tfrankel@aol.com,626-636-4117,Fixed,10,Yes
227,Alaine,Bergesen,alaine_bergesen@cox.net,914-300-9193,Fixed,4,Yes
228,Earleen,Mai,earleen_mai@cox.net,214-289-1973,Fixed,2,Yes
229,Leonida,Gobern,leonida@gobern.org,228-235-5615,Fixed,8,Yes
230,Ressie,Auffrey,ressie.auffrey@yahoo.com,305-604-8981,Fixed,3,Yes
231,Justine,Mugnolo,jmugnolo@yahoo.com,212-304-9225,Fixed,10,Yes
232,Eladia,Saulter,eladia@saulter.com,201-474-4924,Fixed,5,Yes
233,Chaya,Malvin,chaya@malvin.com,734-928-5182,Fixed,3,Yes
234,Gwenn,Suffield,gwenn_suffield@suffield.org,631-258-6558,Fixed,1,Yes
235,Salena,Karpel,skarpel@cox.net,330-791-8557,Fixed,8,Yes
236,Yoko,Fishburne,yoko@fishburne.com,203-506-4706,Fixed,3,Yes
237,Taryn,Moyd,taryn.moyd@hotmail.com,703-322-4041,Fixed,6,Yes
238,Katina,Polidori,katina_polidori@aol.com,978-626-2978,Fixed,8,Yes
239,Rickie,Plumer,rickie.plumer@aol.com,419-693-1334,Fixed,10,Yes
240,Alex,Loader,alex@loader.com,253-660-7821,Fixed,5,Yes
241,Lashon,Vizarro,lashon@aol.com,916-741-7884,Fixed,10,Yes
242,Lauran,Burnard,lburnard@burnard.com,307-342-7795,Fixed,2,Yes
243,Ceola,Setter,ceola.setter@setter.org,207-627-7565,Fixed,2,Yes
244,My,Rantanen,my@hotmail.com,215-491-5633,Fixed,7,Yes
245,Lorrine,Worlds,lorrine.worlds@worlds.com,813-769-2939,Fixed,7,Yes
246,Peggie,Sturiale,peggie@cox.net,619-608-1763,Fixed,3,Yes
247,Marvel,Raymo,mraymo@yahoo.com,979-718-8968,Fixed,4,Yes
248,Daron,Dinos,daron_dinos@cox.net,847-233-3075,Fixed,8,Yes
249,An,Fritz,an_fritz@hotmail.com,609-228-5265,Fixed,2,Yes
250,Portia,Stimmel,portia.stimmel@aol.com,908-722-7128,Fixed,4,Yes
251,Rhea,Aredondo,rhea_aredondo@cox.net,718-560-9537,Fixed,5,Yes
252,Benedict,Sama,bsama@cox.net,314-787-1588,Fixed,8,Yes
253,Alyce,Arias,alyce@arias.org,209-317-1801,Fixed,10,Yes
254,Heike,Berganza,heike@gmail.com,973-936-5095,Fixed,1,Yes
255,Carey,Dopico,carey_dopico@dopico.org,317-578-2453,Fixed,3,Yes
256,Dottie,Hellickson,dottie@hellickson.org,206-540-6076,Fixed,1,Yes
257,Deandrea,Hughey,deandrea@yahoo.com,336-822-7652,Fixed,7,Yes
258,Kimberlie,Duenas,kimberlie_duenas@yahoo.com,785-629-8542,Fixed,2,Yes
259,Martina,Staback,martina_staback@staback.com,407-471-6908,Fixed,8,Yes
260,Skye,Fillingim,skye_fillingim@yahoo.com,612-508-2655,Fixed,9,Yes
261,Jade,Farrar,jade.farrar@yahoo.com,803-352-5387,Fixed,4,Yes
262,Charlene,Hamilton,charlene.hamilton@hotmail.com,707-300-1771,Fixed,2,Yes
263,Geoffrey,Acey,geoffrey@gmail.com,847-222-1734,Fixed,5,Yes
264,Stevie,Westerbeck,stevie.westerbeck@yahoo.com,949-867-4077,Fixed,2,Yes
265,Pamella,Fortino,pamella@fortino.com,303-404-2210,Fixed,2,Yes
266,Harrison,Haufler,hhaufler@hotmail.com,203-801-6193,Fixed,8,Yes
267,Johnna,Engelberg,jengelberg@engelberg.org,425-986-7573,Fixed,9,Yes
268,Buddy,Cloney,buddy.cloney@yahoo.com,440-989-5826,Fixed,5,Yes
269,Dalene,Riden,dalene.riden@aol.com,603-315-6839,Fixed,8,Yes
270,Jerry,Zurcher,jzurcher@zurcher.org,321-518-5938,Fixed,3,Yes
271,Haydee,Denooyer,hdenooyer@denooyer.org,212-792-8658,Fixed,1,Yes
272,Joseph,Cryer,joseph_cryer@cox.net,714-584-2237,Fixed,3,Yes
273,Deonna,Kippley,deonna_kippley@hotmail.com,248-913-4677,Fixed,5,Yes
274,Raymon,Calvaresi,raymon.calvaresi@gmail.com,317-825-4724,Fixed,7,Yes
275,Alecia,Bubash,alecia@aol.com,940-276-7922,Fixed,10,Yes
276,Ma,Layous,mlayous@hotmail.com,203-721-3388,Fixed,5,Yes
277,Detra,Coyier,detra@aol.com,410-739-9277,Fixed,8,Yes
278,Terrilyn,Rodeigues,terrilyn.rodeigues@cox.net,504-463-4384,Fixed,1,Yes
279,Salome,Lacovara,slacovara@gmail.com,804-550-5097,Fixed,3,Yes
280,Garry,Keetch,garry_keetch@hotmail.com,215-979-8776,Fixed,10,Yes
281,Matthew,Neither,mneither@yahoo.com,952-651-7597,Fixed,2,Yes
282,Theodora,Restrepo,theodora.restrepo@restrepo.com,305-936-8226,Fixed,6,Yes
283,Noah,Kalafatis,noah.kalafatis@aol.com,414-263-5287,Fixed,10,Yes
284,Carmen,Sweigard,csweigard@sweigard.com,732-941-2621,Fixed,10,Yes
285,Lavonda,Hengel,lavonda@cox.net,701-898-2154,Fixed,7,Yes
286,Junita,Stoltzman,junita@aol.com,775-638-9963,Fixed,4,Yes
287,Herminia,Nicolozakes,herminia@nicolozakes.org,602-954-5141,Fixed,2,Yes
288,Casie,Good,casie.good@aol.com,615-390-2251,Fixed,6,Yes
289,Reena,Maisto,reena@hotmail.com,410-351-1863,Fixed,9,Yes
290,Mirta,Mallett,mirta_mallett@gmail.com,212-870-1286,Fixed,4,Yes
291,Cathrine,Pontoriero,cathrine.pontoriero@pontoriero.com,806-703-1435,Fixed,10,Yes
292,Filiberto,Tawil,ftawil@hotmail.com,323-765-2528,Fixed,9,Yes
293,Raul,Upthegrove,rupthegrove@yahoo.com,619-509-5282,Fixed,1,Yes
294,Sarah,Candlish,sarah.candlish@gmail.com,770-732-1194,Fixed,5,Yes
295,Lucy,Treston,lucy@cox.net,508-769-5250,Fixed,2,Yes
296,Judy,Aquas,jaquas@aquas.com,269-756-7222,Fixed,7,Yes
297,Yvonne,Tjepkema,yvonne.tjepkema@hotmail.com,973-714-1721,Fixed,5,Yes
298,Kayleigh,Lace,kayleigh.lace@yahoo.com,337-740-9323,Fixed,8,Yes
299,Felix,Hirpara,felix_hirpara@cox.net,717-491-5643,Fixed,6,Yes
300,Tresa,Sweely,tresa_sweely@hotmail.com,314-359-9566,Fixed,2,Yes
301,Kristeen,Turinetti,kristeen@gmail.com,817-213-8851,Fixed,4,Yes
302,Jenelle,Regusters,jregusters@regusters.com,813-932-8715,Fixed,3,Yes
303,Renea,Monterrubio,renea@hotmail.com,770-679-4752,Fixed,4,Yes
304,Olive,Matuszak,olive@aol.com,760-938-6069,Fixed,7,Yes
305,Ligia,Reiber,lreiber@cox.net,517-906-1108,Fixed,6,Yes
306,Christiane,Eschberger,christiane.eschberger@yahoo.com,602-390-4944,Fixed,9,Yes
307,Goldie,Schirpke,goldie.schirpke@yahoo.com,207-295-7569,Fixed,5,Yes
308,Loreta,Timenez,loreta.timenez@hotmail.com,301-696-6420,Fixed,5,Yes
309,Fabiola,Hauenstein,fabiola.hauenstein@hauenstein.org,717-809-3119,Fixed,9,Yes
310,Amie,Perigo,amie.perigo@yahoo.com,972-419-7946,Fixed,10,Yes
311,Raina,Brachle,raina.brachle@brachle.org,406-318-1515,Fixed,3,Yes
312,Erinn,Canlas,erinn.canlas@canlas.com,973-767-3008,Fixed,10,Yes
313,Cherry,Lietz,cherry@lietz.com,248-980-6904,Fixed,4,Yes
314,Kattie,Vonasek,kattie@vonasek.org,216-923-3715,Fixed,10,Yes
315,Lilli,Scriven,lilli@aol.com,325-631-1560,Fixed,3,Yes
316,Whitley,Tomasulo,whitley.tomasulo@aol.com,817-526-4408,Fixed,4,Yes
317,Barbra,Adkin,badkin@hotmail.com,718-201-3751,Fixed,2,Yes
318,Hermila,Thyberg,hermila_thyberg@hotmail.com,401-893-4882,Fixed,10,Yes
319,Jesusita,Flister,jesusita.flister@hotmail.com,717-885-9118,Fixed,3,Yes
320,Caitlin,Julia,caitlin.julia@julia.org,401-948-4982,Fixed,10,Yes
321,Roosevelt,Hoffis,roosevelt.hoffis@aol.com,305-622-4739,Fixed,6,Yes
322,Helaine,Halter,hhalter@yahoo.com,201-832-4168,Fixed,2,Yes
323,Lorean,Martabano,lorean.martabano@hotmail.com,210-856-4979,Fixed,10,Yes
324,France,Buzick,france.buzick@yahoo.com,718-478-8504,Fixed,1,Yes
325,Justine,Ferrario,jferrario@hotmail.com,909-993-3242,Fixed,2,Yes
326,Adelina,Nabours,adelina_nabours@gmail.com,216-230-4892,Fixed,5,Yes
327,Derick,Dhamer,ddhamer@cox.net,212-304-4515,Fixed,1,Yes
328,Jerry,Dallen,jerry.dallen@yahoo.com,804-762-9576,Fixed,2,Yes
329,Leota,Ragel,leota.ragel@gmail.com,706-221-4243,Fixed,8,Yes
330,Jutta,Amyot,jamyot@hotmail.com,337-515-1438,Fixed,8,Yes
331,Aja,Gehrett,aja_gehrett@hotmail.com,973-544-2677,Fixed,9,Yes
332,Kirk,Herritt,kirk.herritt@aol.com,607-407-3716,Fixed,10,Yes
333,Leonora,Mauson,leonora@yahoo.com,973-412-2995,Fixed,3,Yes
334,Winfred,Brucato,winfred_brucato@hotmail.com,208-252-4552,Fixed,1,Yes
335,Tarra,Nachor,tarra.nachor@cox.net,415-411-1775,Fixed,6,Yes
336,Corinne,Loder,corinne@loder.org,508-942-4186,Fixed,9,Yes
337,Dulce,Labreche,dulce_labreche@yahoo.com,248-357-8718,Fixed,3,Yes
338,Kate,Keneipp,kate_keneipp@yahoo.com,920-353-6377,Fixed,8,Yes
339,Kaitlyn,Ogg,kaitlyn.ogg@gmail.com,410-665-4903,Fixed,10,Yes
340,Sherita,Saras,sherita.saras@cox.net,719-669-1664,Fixed,5,Yes
341,Lashawnda,Stuer,lstuer@cox.net,419-588-8719,Fixed,3,Yes
342,Ernest,Syrop,ernest@cox.net,301-998-9644,Fixed,8,Yes
343,Nobuko,Halsey,nobuko.halsey@yahoo.com,508-855-9887,Fixed,6,Yes
344,Lavonna,Wolny,lavonna.wolny@hotmail.com,703-483-1970,Fixed,3,Yes
345,Lashaunda,Lizama,llizama@cox.net,410-678-2473,Fixed,3,Yes
346,Mariann,Bilden,mariann.bilden@aol.com,512-223-4791,Fixed,5,Yes
347,Helene,Rodenberger,helene@aol.com,623-461-8551,Fixed,4,Yes
348,Roselle,Estell,roselle.estell@hotmail.com,419-571-5920,Fixed,4,Yes
349,Samira,Heintzman,sheintzman@hotmail.com,206-311-4137,Fixed,6,Yes
350,Margart,Meisel,margart_meisel@yahoo.com,513-617-2362,Fixed,2,Yes
351,Kristofer,Bennick,kristofer.bennick@yahoo.com,812-368-1511,Fixed,10,Yes
352,Weldon,Acuff,wacuff@gmail.com,847-353-2156,Fixed,4,Yes
353,Shalon,Shadrick,shalon@cox.net,718-232-2337,Fixed,5,Yes
354,Denise,Patak,denise@patak.org,407-446-4358,Fixed,3,Yes
355,Louvenia,Beech,louvenia.beech@beech.com,310-820-2117,Fixed,9,Yes
356,Audry,Yaw,audry.yaw@yaw.org,813-797-4816,Fixed,1,Yes
357,Kristel,Ehmann,kristel.ehmann@aol.com,915-452-1290,Fixed,4,Yes
358,Vincenza,Zepp,vzepp@gmail.com,619-603-5125,Fixed,7,Yes
359,Elouise,Gwalthney,egwalthney@yahoo.com,301-841-5012,Fixed,10,Yes
360,Venita,Maillard,venita_maillard@gmail.com,714-523-6653,Fixed,2,Yes
361,Kasandra,Semidey,kasandra_semidey@semidey.com,314-732-9131,Fixed,1,Yes
362,Xochitl,Discipio,xdiscipio@gmail.com,512-233-1831,Fixed,3,Yes
363,Maile,Linahan,mlinahan@yahoo.com,336-670-2640,Fixed,9,Yes
364,Krissy,Rauser,krauser@cox.net,631-443-4710,Fixed,1,Yes
365,Pete,Dubaldi,pdubaldi@hotmail.com,201-825-2514,Fixed,8,Yes
366,Linn,Paa,linn_paa@paa.com,901-412-4381,Fixed,4,Yes
367,Paris,Wide,paris@hotmail.com,404-505-4445,Fixed,1,Yes
368,Wynell,Dorshorst,wynell_dorshorst@dorshorst.org,650-473-1262,Fixed,8,Yes
369,Quentin,Birkner,qbirkner@aol.com,952-702-7993,Fixed,7,Yes
370,Regenia,Kannady,regenia.kannady@cox.net,480-726-1280,Fixed,10,Yes
371,Sheron,Louissant,sheron@aol.com,718-976-8610,Fixed,9,Yes
372,Izetta,Funnell,izetta.funnell@hotmail.com,770-844-3447,Fixed,9,Yes
373,Rodolfo,Butzen,rodolfo@hotmail.com,507-210-3510,Fixed,3,Yes
374,Zona,Colla,zona@hotmail.com,203-461-1949,Fixed,5,Yes
375,Serina,Zagen,szagen@aol.com,260-273-3725,Fixed,7,Yes
376,Paz,Sahagun,paz_sahagun@cox.net,601-927-8287,Fixed,8,Yes
377,Markus,Lukasik,markus@yahoo.com,586-970-7380,Fixed,4,Yes
378,Jaclyn,Bachman,jaclyn@aol.com,719-853-3600,Fixed,7,Yes
379,Cyril,Daufeldt,cyril_daufeldt@daufeldt.com,212-745-8484,Fixed,6,Yes
380,Gayla,Schnitzler,gschnitzler@gmail.com,510-686-3407,Fixed,8,Yes
381,Erick,Nievas,erick_nievas@aol.com,773-704-9903,Fixed,2,Yes
382,Jennie,Drymon,jennie@cox.net,570-218-4831,Fixed,5,Yes
383,Mitsue,Scipione,mscipione@scipione.com,530-986-9272,Fixed,7,Yes
384,Ciara,Ventura,cventura@yahoo.com,845-823-8877,Fixed,4,Yes
385,Galen,Cantres,galen@yahoo.com,216-600-6111,Fixed,2,Yes
386,Truman,Feichtner,tfeichtner@yahoo.com,973-852-2736,Fixed,8,Yes
387,Gail,Kitty,gail@kitty.com,907-435-9166,Fixed,4,Yes
388,Dalene,Schoeneck,dalene@schoeneck.org,215-268-1275,Fixed,6,Yes
389,Gertude,Witten,gertude.witten@gmail.com,513-977-7043,Fixed,7,Yes
390,Lizbeth,Kohl,lizbeth@yahoo.com,310-699-1222,Fixed,7,Yes
391,Glenn,Berray,gberray@gmail.com,515-370-7348,Fixed,10,Yes
392,Lashandra,Klang,lashandra@yahoo.com,610-809-1818,Fixed,8,Yes
393,Lenna,Newville,lnewville@newville.com,919-623-2524,Fixed,4,Yes
394,Laurel,Pagliuca,laurel@yahoo.com,509-695-5199,Fixed,8,Yes
395,Mireya,Frerking,mireya.frerking@hotmail.com,914-868-5965,Fixed,6,Yes
396,Annelle,Tagala,annelle@yahoo.com,410-757-1035,Fixed,6,Yes
397,Dean,Ketelsen,dean_ketelsen@gmail.com,516-847-4418,Fixed,7,Yes
398,Levi,Munis,levi.munis@gmail.com,508-456-4907,Fixed,2,Yes
399,Sylvie,Ryser,sylvie@aol.com,918-644-9555,Fixed,10,Yes
400,Sharee,Maile,sharee_maile@aol.com,231-467-9978,Fixed,4,Yes
401,Cordelia,Storment,cordelia_storment@aol.com,337-566-6001,Fixed,1,Yes
402,Mollie,Mcdoniel,mollie_mcdoniel@yahoo.com,419-975-3182,Fixed,9,Yes
403,Brett,Mccullan,brett.mccullan@mccullan.com,619-461-9984,Fixed,9,Yes
404,Teddy,Pedrozo,teddy_pedrozo@aol.com,203-892-3863,Fixed,2,Yes
405,Tasia,Andreason,tasia_andreason@yahoo.com,201-920-9002,Fixed,6,Yes
406,Hubert,Walthall,hubert@walthall.org,330-903-1345,Fixed,10,Yes
407,Arthur,Farrow,arthur.farrow@yahoo.com,201-238-5688,Fixed,7,Yes
408,Vilma,Berlanga,vberlanga@berlanga.com,616-737-3085,Fixed,5,Yes
409,Billye,Miro,billye_miro@cox.net,601-567-5386,Fixed,5,Yes
410,Glenna,Slayton,glenna_slayton@cox.net,901-640-9178,Fixed,10,Yes
411,Mitzie,Hudnall,mitzie_hudnall@yahoo.com,303-402-1940,Fixed,1,Yes
412,Bernardine,Rodefer,bernardine_rodefer@yahoo.com,901-901-4726,Fixed,9,Yes
413,Staci,Schmaltz,staci_schmaltz@aol.com,626-866-2339,Fixed,10,Yes
414,Nichelle,Meteer,nichelle_meteer@meteer.com,773-225-9985,Fixed,4,Yes
415,Janine,Rhoden,jrhoden@yahoo.com,718-228-5894,Fixed,8,Yes
416,Ettie,Hoopengardner,ettie.hoopengardner@hotmail.com,509-755-5393,Fixed,1,Yes
417,Eden,Jayson,eden_jayson@yahoo.com,410-890-7866,Fixed,10,Yes
418,Lynelle,Auber,lynelle_auber@gmail.com,973-860-8610,Fixed,2,Yes
419,Merissa,Tomblin,merissa.tomblin@gmail.com,562-579-6900,Fixed,10,Yes
420,Golda,Kaniecki,golda_kaniecki@yahoo.com,732-628-9909,Fixed,8,Yes
421,Catarina,Gleich,catarina_gleich@hotmail.com,973-210-3994,Fixed,7,Yes
422,Virgie,Kiel,vkiel@hotmail.com,303-776-7548,Fixed,8,Yes
423,Jolene,Ostolaza,jolene@yahoo.com,757-682-7116,Fixed,9,Yes
424,Keneth,Borgman,keneth@yahoo.com,602-919-4211,Fixed,7,Yes
425,Rikki,Nayar,rikki@nayar.com,305-968-9487,Fixed,2,Yes
426,Elke,Sengbusch,elke_sengbusch@yahoo.com,602-896-2993,Fixed,2,Yes
427,Hoa,Sarao,hoa@sarao.org,386-526-7800,Fixed,6,Yes
428,Trinidad,Mcrae,trinidad_mcrae@yahoo.com,415-331-9634,Fixed,8,Yes
429,Mari,Lueckenbach,mari_lueckenbach@yahoo.com,858-793-9684,Fixed,6,Yes
430,Selma,Husser,selma.husser@cox.net,201-991-8369,Fixed,5,Yes
431,Antione,Onofrio,aonofrio@onofrio.com,909-430-7765,Fixed,10,Yes
432,Luisa,Jurney,ljurney@hotmail.com,617-365-2134,Fixed,10,Yes
433,Clorinda,Heimann,clorinda.heimann@hotmail.com,760-291-5497,Fixed,8,Yes
434,Dick,Wenzinger,dick@yahoo.com,310-510-9713,Fixed,1,Yes
435,Ahmed,Angalich,ahmed.angalich@angalich.com,717-528-8996,Fixed,4,Yes
436,Iluminada,Ohms,iluminada.ohms@yahoo.com,480-293-2882,Fixed,7,Yes
437,Joanna,Leinenbach,joanna_leinenbach@hotmail.com,561-470-4574,Fixed,3,Yes
438,Caprice,Suell,caprice@aol.com,615-246-1824,Fixed,6,Yes
439,Stephane,Myricks,stephane_myricks@cox.net,859-717-7638,Fixed,9,Yes
440,Quentin,Swayze,quentin_swayze@yahoo.com,734-561-6170,Fixed,6,Yes
441,Annmarie,Castros,annmarie_castros@gmail.com,936-751-7961,Fixed,4,Yes
442,Shonda,Greenbush,shonda_greenbush@cox.net,973-482-2430,Fixed,10,Yes
443,Cecil,Lapage,clapage@lapage.com,201-693-3967,Fixed,6,Yes
444,Jeanice,Claucherty,jeanice.claucherty@yahoo.com,305-988-4162,Fixed,5,Yes
445,Josphine,Villanueva,josphine_villanueva@villanueva.com,931-553-9774,Fixed,9,Yes
446,Daniel,Perruzza,dperruzza@perruzza.com,714-771-3880,Fixed,4,Yes
447,Cassi,Wildfong,cassi.wildfong@aol.com,847-633-3216,Fixed,7,Yes
448,Britt,Galam,britt@galam.org,215-888-3304,Fixed,7,Yes
449,Adell,Lipkin,adell.lipkin@lipkin.com,973-654-1561,Fixed,4,Yes
450,Jacqueline,Rowling,jacqueline.rowling@yahoo.com,814-865-8113,Fixed,3,Yes
451,Lonny,Weglarz,lonny_weglarz@gmail.com,801-293-9853,Fixed,3,Yes
452,Lonna,Diestel,lonna_diestel@gmail.com,910-922-3672,Fixed,3,Yes
453,Cristal,Samara,cristal@cox.net,213-975-8026,Fixed,5,Yes
454,Kenneth,Grenet,kenneth.grenet@grenet.org,517-499-2322,Fixed,10,Yes
455,Elli,Mclaird,emclaird@mclaird.com,315-818-2638,Fixed,4,Yes
456,Alline,Jeanty,ajeanty@gmail.com,574-656-2800,Fixed,8,Yes
457,Sharika,Eanes,sharika.eanes@aol.com,407-312-1691,Fixed,3,Yes
458,Nu,Mcnease,nu@gmail.com,973-751-9003,Fixed,8,Yes
459,Daniela,Comnick,dcomnick@cox.net,609-200-8577,Fixed,3,Yes
460,Cecilia,Colaizzo,cecilia_colaizzo@colaizzo.com,608-382-4541,Fixed,10,Yes
461,Leslie,Threets,leslie@cox.net,914-861-9748,Fixed,1,Yes
462,Nan,Koppinger,nan@koppinger.com,336-370-5333,Fixed,10,Yes
463,Izetta,Dewar,idewar@dewar.com,410-473-1708,Fixed,3,Yes
464,Tegan,Arceo,tegan.arceo@arceo.org,732-730-2692,Fixed,6,Yes
465,Ruthann,Keener,ruthann@hotmail.com,830-258-2769,Fixed,9,Yes
466,Joni,Breland,joni_breland@cox.net,847-519-5906,Fixed,7,Yes
467,Vi,Rentfro,vrentfro@cox.net,732-605-4781,Fixed,9,Yes
468,Colette,Kardas,colette.kardas@yahoo.com,402-896-5943,Fixed,1,Yes
469,Malcolm,Tromblay,malcolm_tromblay@cox.net,703-221-5602,Fixed,2,Yes
470,Ryan,Harnos,ryan@cox.net,972-558-1665,Fixed,8,Yes
471,Jess,Chaffins,jess.chaffins@chaffins.org,212-510-4633,Fixed,5,Yes
472,Sharen,Bourbon,sbourbon@yahoo.com,516-816-1541,Fixed,5,Yes
473,Nickolas,Juvera,nickolas_juvera@cox.net,352-598-8301,Fixed,1,Yes
474,Gary,Nunlee,gary_nunlee@nunlee.org,317-542-6023,Fixed,9,Yes
475,Diane,Devreese,diane@cox.net,816-557-9673,Fixed,5,Yes
476,Roslyn,Chavous,roslyn.chavous@chavous.org,601-234-9632,Fixed,4,Yes
477,Glory,Schieler,glory@yahoo.com,325-869-2649,Fixed,7,Yes
478,Rasheeda,Sayaphon,rasheeda@aol.com,408-805-4309,Fixed,8,Yes
479,Alpha,Palaia,alpha@yahoo.com,856-312-2629,Fixed,9,Yes
480,Refugia,Jacobos,refugia.jacobos@jacobos.com,510-974-8671,Fixed,10,Yes
481,Shawnda,Yori,shawnda.yori@yahoo.com,407-538-5106,Fixed,10,Yes
482,Mona,Delasancha,mdelasancha@hotmail.com,307-403-1488,Fixed,9,Yes
483,Gilma,Liukko,gilma_liukko@gmail.com,516-393-9967,Fixed,8,Yes
484,Janey,Gabisi,jgabisi@hotmail.com,608-967-7194,Fixed,6,Yes
485,Lili,Paskin,lili.paskin@cox.net,201-431-2989,Fixed,6,Yes
486,Loren,Asar,loren.asar@aol.com,570-648-3035,Fixed,9,Yes
487,Dorothy,Chesterfield,dorothy@cox.net,858-617-7834,Fixed,5,Yes
488,Gail,Similton,gail_similton@similton.com,760-616-5388,Fixed,9,Yes
489,Catalina,Tillotson,catalina@hotmail.com,609-373-3332,Fixed,2,Yes
490,Lawrence,Lorens,lawrence.lorens@hotmail.com,401-465-6432,Fixed,2,Yes
491,Carlee,Boulter,carlee.boulter@hotmail.com,785-347-1805,Fixed,1,Yes
492,Thaddeus,Ankeny,tankeny@ankeny.org,916-920-3571,Fixed,3,Yes
493,Jovita,Oles,joles@gmail.com,386-248-4118,Fixed,9,Yes
494,Alesia,Hixenbaugh,alesia_hixenbaugh@hixenbaugh.org,202-646-7516,Fixed,3,Yes
495,Lai,Harabedian,lai@gmail.com,415-423-3294,Fixed,8,Yes
496,Brittni,Gillaspie,bgillaspie@gillaspie.com,208-709-1235,Fixed,8,Yes
497,Raylene,Kampa,rkampa@kampa.org,574-499-1454,Fixed,3,Yes
498,Flo,Bookamer,flo.bookamer@cox.net,308-726-2182,Fixed,10,Yes
499,Jani,Biddy,jbiddy@yahoo.com,206-711-6498,Fixed,8,Yes
500,Chauncey,Motley,chauncey_motley@aol.com,407-413-4842,Fixed,2,Yes
